<?xml version="1.0" encoding="utf-8"?><?mso-application progid="Excel.Sheet"?><Workbook xmlns="urn:schemas-microsoft-com:office:spreadsheet" xmlns:o="urn:schemas-microsoft-com:office:office" xmlns:x="urn:schemas-microsoft-com:office:excel" xmlns:ss="urn:schemas-microsoft-com:office:spreadsheet" xmlns:html="http://www.w3.org/TR/REC-html40"><DocumentProperties xmlns="urn:schemas-microsoft-com:office:office"><Author>Yannik Schälte</Author><Version>2.0</Version></DocumentProperties><Styles><Style ss:ID="Default" ss:Name="Normal"><Alignment ss:Vertical="Bottom" /></Style><Style ss:ID="sphead"><Font x:Family="Swiss" ss:Bold="1" /></Style></Styles><Worksheet ss:Name="Messdienerliste"><Table><Row><Cell ss:StyleID="sphead"></Cell><Cell ss:StyleID="sphead"><Data ss:Type="String">Nachname</Data></Cell><Cell ss:StyleID="sphead"><Data ss:Type="String">Vorname</Data></Cell><Cell ss:StyleID="sphead"><Data ss:Type="String">Geburtsdatum</Data></Cell><Cell ss:StyleID="sphead"><Data ss:Type="String">Straße Nr.</Data></Cell><Cell ss:StyleID="sphead"><Data ss:Type="String">PLZ Ort</Data></Cell><Cell ss:StyleID="sphead"><Data ss:Type="String">Telefon</Data></Cell><Cell ss:StyleID="sphead"><Data ss:Type="String">Mobil</Data></Cell><Cell ss:StyleID="sphead"><Data ss:Type="String">E-Mail</Data></Cell></Row><Row><Cell><Data ss:Type="Number">1</Data></Cell><Cell><Data ss:Type="String">Apfel</Data></Cell><Cell><Data ss:Type="String">Adam</Data></Cell><Cell><Data ss:Type="String">&#8203;</Data></Cell><Cell><Data ss:Type="String"></Data></Cell><Cell><Data ss:Type="String"></Data></Cell><Cell><Data ss:Type="String">&#8203;</Data></Cell><Cell><Data ss:Type="String">&#8203;</Data></Cell><Cell><Data ss:Type="String"></Data></Cell></Row><Row><Cell><Data ss:Type="Number">2</Data></Cell><Cell><Data ss:Type="String">Bauer</Data></Cell><Cell><Data ss:Type="String">Bo</Data></Cell><Cell><Data ss:Type="String">&#8203;29.02.2000</Data></Cell><Cell><Data ss:Type="String">Bergstraße 23a</Data></Cell><Cell><Data ss:Type="String">32918 Burgdorf</Data></Cell><Cell><Data ss:Type="String">&#8203;0522/24029281</Data></Cell><Cell><Data ss:Type="String">&#8203;01777565439101</Data></Cell><Cell><Data ss:Type="String">bo.bauer@bmail.de</Data></Cell></Row><Row><Cell><Data ss:Type="Number">3</Data></Cell><Cell><Data ss:Type="String">Chlodewig</Data></Cell><Cell><Data ss:Type="String">Christina</Data></Cell><Cell><Data ss:Type="String">&#8203;</Data></Cell><Cell><Data ss:Type="String"></Data></Cell><Cell><Data ss:Type="String"></Data></Cell><Cell><Data ss:Type="String">&#8203;</Data></Cell><Cell><Data ss:Type="String">&#8203;</Data></Cell><Cell><Data ss:Type="String"></Data></Cell></Row><Row><Cell><Data ss:Type="Number">4</Data></Cell><Cell><Data ss:Type="String">Duck</Data></Cell><Cell><Data ss:Type="String">Deborah</Data></Cell><Cell><Data ss:Type="String">&#8203;</Data></Cell><Cell><Data ss:Type="String"></Data></Cell><Cell><Data ss:Type="String"></Data></Cell><Cell><Data ss:Type="String">&#8203;</Data></Cell><Cell><Data ss:Type="String">&#8203;</Data></Cell><Cell><Data ss:Type="String"></Data></Cell></Row><Row><Cell><Data ss:Type="Number">5</Data></Cell><Cell><Data ss:Type="String">Erpel</Data></Cell><Cell><Data ss:Type="String">Emma</Data></Cell><Cell><Data ss:Type="String">&#8203;</Data></Cell><Cell><Data ss:Type="String"></Data></Cell><Cell><Data ss:Type="String"></Data></Cell><Cell><Data ss:Type="String">&#8203;</Data></Cell><Cell><Data ss:Type="String">&#8203;</Data></Cell><Cell><Data ss:Type="String"></Data></Cell></Row><Row><Cell><Data ss:Type="Number">6</Data></Cell><Cell><Data ss:Type="String">Fuchs</Data></Cell><Cell><Data ss:Type="String">Frieda</Data></Cell><Cell><Data ss:Type="String">&#8203;</Data></Cell><Cell><Data ss:Type="String"></Data></Cell><Cell><Data ss:Type="String"></Data></Cell><Cell><Data ss:Type="String">&#8203;</Data></Cell><Cell><Data ss:Type="String">&#8203;</Data></Cell><Cell><Data ss:Type="String"></Data></Cell></Row><Row><Cell><Data ss:Type="Number">7</Data></Cell><Cell><Data ss:Type="String">Gustavsson</Data></Cell><Cell><Data ss:Type="String">Georg</Data></Cell><Cell><Data ss:Type="String">&#8203;</Data></Cell><Cell><Data ss:Type="String"></Data></Cell><Cell><Data ss:Type="String"></Data></Cell><Cell><Data ss:Type="String">&#8203;</Data></Cell><Cell><Data ss:Type="String">&#8203;</Data></Cell><Cell><Data ss:Type="String"></Data></Cell></Row><Row><Cell><Data ss:Type="Number">8</Data></Cell><Cell><Data ss:Type="String">Gustavsson</Data></Cell><Cell><Data ss:Type="String">Gisela</Data></Cell><Cell><Data ss:Type="String">&#8203;</Data></Cell><Cell><Data ss:Type="String"></Data></Cell><Cell><Data ss:Type="String"></Data></Cell><Cell><Data ss:Type="String">&#8203;</Data></Cell><Cell><Data ss:Type="String">&#8203;</Data></Cell><Cell><Data ss:Type="String"></Data></Cell></Row><Row><Cell><Data ss:Type="Number">9</Data></Cell><Cell><Data ss:Type="String">Hamster</Data></Cell><Cell><Data ss:Type="String">Hans</Data></Cell><Cell><Data ss:Type="String">&#8203;</Data></Cell><Cell><Data ss:Type="String"></Data></Cell><Cell><Data ss:Type="String"></Data></Cell><Cell><Data ss:Type="String">&#8203;</Data></Cell><Cell><Data ss:Type="String">&#8203;</Data></Cell><Cell><Data ss:Type="String"></Data></Cell></Row><Row><Cell><Data ss:Type="Number">10</Data></Cell><Cell><Data ss:Type="String">Iltis</Data></Cell><Cell><Data ss:Type="String">Ingrid</Data></Cell><Cell><Data ss:Type="String">&#8203;</Data></Cell><Cell><Data ss:Type="String"></Data></Cell><Cell><Data ss:Type="String"></Data></Cell><Cell><Data ss:Type="String">&#8203;</Data></Cell><Cell><Data ss:Type="String">&#8203;</Data></Cell><Cell><Data ss:Type="String"></Data></Cell></Row><Row><Cell><Data ss:Type="Number">11</Data></Cell><Cell><Data ss:Type="String">Jäger</Data></Cell><Cell><Data ss:Type="String">Johanna</Data></Cell><Cell><Data ss:Type="String">&#8203;</Data></Cell><Cell><Data ss:Type="String"></Data></Cell><Cell><Data ss:Type="String"></Data></Cell><Cell><Data ss:Type="String">&#8203;</Data></Cell><Cell><Data ss:Type="String">&#8203;</Data></Cell><Cell><Data ss:Type="String"></Data></Cell></Row><Row><Cell><Data ss:Type="Number">12</Data></Cell><Cell><Data ss:Type="String">Kuckuck</Data></Cell><Cell><Data ss:Type="String">Karl</Data></Cell><Cell><Data ss:Type="String">&#8203;</Data></Cell><Cell><Data ss:Type="String"></Data></Cell><Cell><Data ss:Type="String"></Data></Cell><Cell><Data ss:Type="String">&#8203;</Data></Cell><Cell><Data ss:Type="String">&#8203;</Data></Cell><Cell><Data ss:Type="String"></Data></Cell></Row><Row><Cell><Data ss:Type="Number">13</Data></Cell><Cell><Data ss:Type="String">Lämpel</Data></Cell><Cell><Data ss:Type="String">Laura</Data></Cell><Cell><Data ss:Type="String">&#8203;04.07.1999</Data></Cell><Cell><Data ss:Type="String"></Data></Cell><Cell><Data ss:Type="String"></Data></Cell><Cell><Data ss:Type="String">&#8203;</Data></Cell><Cell><Data ss:Type="String">&#8203;</Data></Cell><Cell><Data ss:Type="String"></Data></Cell></Row><Row><Cell><Data ss:Type="Number">14</Data></Cell><Cell><Data ss:Type="String">Lämpel</Data></Cell><Cell><Data ss:Type="String">Leon</Data></Cell><Cell><Data ss:Type="String">&#8203;30.01.2005</Data></Cell><Cell><Data ss:Type="String"></Data></Cell><Cell><Data ss:Type="String"></Data></Cell><Cell><Data ss:Type="String">&#8203;</Data></Cell><Cell><Data ss:Type="String">&#8203;</Data></Cell><Cell><Data ss:Type="String"></Data></Cell></Row><Row><Cell><Data ss:Type="Number">15</Data></Cell><Cell><Data ss:Type="String">Maler</Data></Cell><Cell><Data ss:Type="String">Marie</Data></Cell><Cell><Data ss:Type="String">&#8203;</Data></Cell><Cell><Data ss:Type="String"></Data></Cell><Cell><Data ss:Type="String"></Data></Cell><Cell><Data ss:Type="String">&#8203;</Data></Cell><Cell><Data ss:Type="String">&#8203;</Data></Cell><Cell><Data ss:Type="String"></Data></Cell></Row><Row><Cell><Data ss:Type="Number">16</Data></Cell><Cell><Data ss:Type="String">Nichtig</Data></Cell><Cell><Data ss:Type="String">Nils</Data></Cell><Cell><Data ss:Type="String">&#8203;</Data></Cell><Cell><Data ss:Type="String"></Data></Cell><Cell><Data ss:Type="String"></Data></Cell><Cell><Data ss:Type="String">&#8203;</Data></Cell><Cell><Data ss:Type="String">&#8203;</Data></Cell><Cell><Data ss:Type="String"></Data></Cell></Row><Row><Cell><Data ss:Type="Number">17</Data></Cell><Cell><Data ss:Type="String">Otter</Data></Cell><Cell><Data ss:Type="String">Otto</Data></Cell><Cell><Data ss:Type="String">&#8203;04.04.2001</Data></Cell><Cell><Data ss:Type="String">Obstweg 11</Data></Cell><Cell><Data ss:Type="String">42881 Oheim</Data></Cell><Cell><Data ss:Type="String">&#8203;0321/584821</Data></Cell><Cell><Data ss:Type="String">&#8203;017654329187</Data></Cell><Cell><Data ss:Type="String">otto.otter@omail.de</Data></Cell></Row><Row><Cell><Data ss:Type="Number">18</Data></Cell><Cell><Data ss:Type="String">Paulsson</Data></Cell><Cell><Data ss:Type="String">Paul</Data></Cell><Cell><Data ss:Type="String">&#8203;</Data></Cell><Cell><Data ss:Type="String"></Data></Cell><Cell><Data ss:Type="String"></Data></Cell><Cell><Data ss:Type="String">&#8203;</Data></Cell><Cell><Data ss:Type="String">&#8203;</Data></Cell><Cell><Data ss:Type="String"></Data></Cell></Row><Row><Cell><Data ss:Type="Number">19</Data></Cell><Cell><Data ss:Type="String">Quecke</Data></Cell><Cell><Data ss:Type="String">Quentin</Data></Cell><Cell><Data ss:Type="String">&#8203;</Data></Cell><Cell><Data ss:Type="String"></Data></Cell><Cell><Data ss:Type="String"></Data></Cell><Cell><Data ss:Type="String">&#8203;</Data></Cell><Cell><Data ss:Type="String">&#8203;</Data></Cell><Cell><Data ss:Type="String"></Data></Cell></Row><Row><Cell><Data ss:Type="Number">20</Data></Cell><Cell><Data ss:Type="String">Rolle</Data></Cell><Cell><Data ss:Type="String">Raúl</Data></Cell><Cell><Data ss:Type="String">&#8203;</Data></Cell><Cell><Data ss:Type="String"></Data></Cell><Cell><Data ss:Type="String"></Data></Cell><Cell><Data ss:Type="String">&#8203;</Data></Cell><Cell><Data ss:Type="String">&#8203;</Data></Cell><Cell><Data ss:Type="String"></Data></Cell></Row><Row><Cell><Data ss:Type="Number">21</Data></Cell><Cell><Data ss:Type="String">Salzsäule</Data></Cell><Cell><Data ss:Type="String">Sarah</Data></Cell><Cell><Data ss:Type="String">&#8203;</Data></Cell><Cell><Data ss:Type="String"></Data></Cell><Cell><Data ss:Type="String"></Data></Cell><Cell><Data ss:Type="String">&#8203;</Data></Cell><Cell><Data ss:Type="String">&#8203;</Data></Cell><Cell><Data ss:Type="String"></Data></Cell></Row><Row><Cell><Data ss:Type="Number">22</Data></Cell><Cell><Data ss:Type="String">Töpfer</Data></Cell><Cell><Data ss:Type="String">Tanja</Data></Cell><Cell><Data ss:Type="String">&#8203;</Data></Cell><Cell><Data ss:Type="String"></Data></Cell><Cell><Data ss:Type="String"></Data></Cell><Cell><Data ss:Type="String">&#8203;</Data></Cell><Cell><Data ss:Type="String">&#8203;</Data></Cell><Cell><Data ss:Type="String"></Data></Cell></Row><Row><Cell><Data ss:Type="Number">23</Data></Cell><Cell><Data ss:Type="String">Töpfer</Data></Cell><Cell><Data ss:Type="String">Tobias</Data></Cell><Cell><Data ss:Type="String">&#8203;</Data></Cell><Cell><Data ss:Type="String"></Data></Cell><Cell><Data ss:Type="String"></Data></Cell><Cell><Data ss:Type="String">&#8203;</Data></Cell><Cell><Data ss:Type="String">&#8203;</Data></Cell><Cell><Data ss:Type="String"></Data></Cell></Row><Row><Cell><Data ss:Type="Number">24</Data></Cell><Cell><Data ss:Type="String">Ulsson</Data></Cell><Cell><Data ss:Type="String">Ulla</Data></Cell><Cell><Data ss:Type="String">&#8203;</Data></Cell><Cell><Data ss:Type="String"></Data></Cell><Cell><Data ss:Type="String"></Data></Cell><Cell><Data ss:Type="String">&#8203;</Data></Cell><Cell><Data ss:Type="String">&#8203;</Data></Cell><Cell><Data ss:Type="String"></Data></Cell></Row><Row><Cell><Data ss:Type="Number">25</Data></Cell><Cell><Data ss:Type="String">Vogelfänger</Data></Cell><Cell><Data ss:Type="String">Vinn</Data></Cell><Cell><Data ss:Type="String">&#8203;</Data></Cell><Cell><Data ss:Type="String"></Data></Cell><Cell><Data ss:Type="String"></Data></Cell><Cell><Data ss:Type="String">&#8203;</Data></Cell><Cell><Data ss:Type="String">&#8203;</Data></Cell><Cell><Data ss:Type="String"></Data></Cell></Row><Row><Cell><Data ss:Type="Number">26</Data></Cell><Cell><Data ss:Type="String">Wagner</Data></Cell><Cell><Data ss:Type="String">Wendy</Data></Cell><Cell><Data ss:Type="String">&#8203;</Data></Cell><Cell><Data ss:Type="String"></Data></Cell><Cell><Data ss:Type="String"></Data></Cell><Cell><Data ss:Type="String">&#8203;</Data></Cell><Cell><Data ss:Type="String">&#8203;</Data></Cell><Cell><Data ss:Type="String"></Data></Cell></Row><Row><Cell><Data ss:Type="Number">27</Data></Cell><Cell><Data ss:Type="String">Xi-Hu</Data></Cell><Cell><Data ss:Type="String">Xavier</Data></Cell><Cell><Data ss:Type="String">&#8203;</Data></Cell><Cell><Data ss:Type="String"></Data></Cell><Cell><Data ss:Type="String"></Data></Cell><Cell><Data ss:Type="String">&#8203;</Data></Cell><Cell><Data ss:Type="String">&#8203;</Data></Cell><Cell><Data ss:Type="String"></Data></Cell></Row><Row><Cell><Data ss:Type="Number">28</Data></Cell><Cell><Data ss:Type="String">Yorkshire</Data></Cell><Cell><Data ss:Type="String">Yvonne</Data></Cell><Cell><Data ss:Type="String">&#8203;</Data></Cell><Cell><Data ss:Type="String"></Data></Cell><Cell><Data ss:Type="String"></Data></Cell><Cell><Data ss:Type="String">&#8203;</Data></Cell><Cell><Data ss:Type="String">&#8203;</Data></Cell><Cell><Data ss:Type="String"></Data></Cell></Row><Row><Cell><Data ss:Type="Number">29</Data></Cell><Cell><Data ss:Type="String">Zu Zeppelin</Data></Cell><Cell><Data ss:Type="String">Zacchary</Data></Cell><Cell><Data ss:Type="String">&#8203;</Data></Cell><Cell><Data ss:Type="String"></Data></Cell><Cell><Data ss:Type="String"></Data></Cell><Cell><Data ss:Type="String">&#8203;</Data></Cell><Cell><Data ss:Type="String">&#8203;</Data></Cell><Cell><Data ss:Type="String"></Data></Cell></Row></Table></Worksheet></Workbook>