<?xml version="1.0" encoding="utf-8"?><?mso-application progid="Excel.Sheet"?><Workbook xmlns="urn:schemas-microsoft-com:office:spreadsheet" xmlns:o="urn:schemas-microsoft-com:office:office" xmlns:x="urn:schemas-microsoft-com:office:excel" xmlns:ss="urn:schemas-microsoft-com:office:spreadsheet" xmlns:html="http://www.w3.org/TR/REC-html40"><DocumentProperties xmlns="urn:schemas-microsoft-com:office:office"><Author>Yannik Schälte</Author><Version>2.0</Version></DocumentProperties><Styles><Style ss:ID="Default" ss:Name="Normal"><Alignment ss:Vertical="Bottom" /></Style><Style ss:ID="s21"><Font x:Family="Swiss" ss:Bold="1" /></Style><Style ss:ID="s22"><Font x:Family="Swiss" ss:Italic="1" /></Style><Style ss:ID="s23"><Font x:Family="Swiss" ss:Size="16" ss:Bold="1" /></Style></Styles><Worksheet ss:Name="Messdienerplan"><Table><Row><Cell ss:MergeAcross="2" ss:StyleID="s23"><Data ss:Type="String">Messdienerplan 01.11.2015 - 01.01.2016</Data></Cell></Row><Row></Row><Row><Cell ss:StyleID="s21"><Data ss:Type="String">So. 01.11.2015 09:00, St. Josef</Data></Cell><Cell><Data ss:Type="String">Wendy Wagner</Data></Cell><Cell><Data ss:Type="String">Vinn Vogelfänger</Data></Cell></Row><Row><Cell><Data ss:Type="String"></Data></Cell><Cell><Data ss:Type="String">Bo Bauer</Data></Cell><Cell><Data ss:Type="String">Quentin Quecke</Data></Cell></Row><Row><Cell></Cell></Row><Row><Cell ss:StyleID="s21"><Data ss:Type="String">So. 08.11.2015 09:00, St. Josef</Data></Cell><Cell><Data ss:Type="String">Otto Otter</Data></Cell><Cell><Data ss:Type="String">Hans Hamster</Data></Cell></Row><Row><Cell><Data ss:Type="String"></Data></Cell><Cell><Data ss:Type="String">Leon Lämpel</Data></Cell><Cell><Data ss:Type="String">Laura Lämpel</Data></Cell></Row><Row><Cell></Cell></Row><Row><Cell ss:StyleID="s21"><Data ss:Type="String">Sa. 14.11.2015 17:00, St. Josef</Data></Cell><Cell><Data ss:Type="String">Christina Chlodewig</Data></Cell><Cell><Data ss:Type="String">Georg Gustavsson</Data></Cell></Row><Row><Cell><Data ss:Type="String"></Data></Cell><Cell><Data ss:Type="String">Gisela Gustavsson</Data></Cell><Cell><Data ss:Type="String">Frieda Fuchs</Data></Cell></Row><Row><Cell></Cell></Row><Row><Cell ss:StyleID="s21"><Data ss:Type="String">So. 15.11.2015 09:00, St. Josef</Data></Cell><Cell><Data ss:Type="String">Emma Erpel</Data></Cell><Cell><Data ss:Type="String">Johanna Jäger</Data></Cell></Row><Row><Cell><Data ss:Type="String"></Data></Cell><Cell><Data ss:Type="String">Ulla Ulsson</Data></Cell><Cell><Data ss:Type="String">Zacchary Zu Zeppelin</Data></Cell></Row><Row><Cell></Cell></Row><Row><Cell ss:StyleID="s21"><Data ss:Type="String">So. 22.11.2015 09:00, St. Josef</Data></Cell><Cell><Data ss:Type="String">Marie Maler</Data></Cell><Cell><Data ss:Type="String">Paul Paulsson</Data></Cell></Row><Row><Cell><Data ss:Type="String"></Data></Cell><Cell><Data ss:Type="String">Adam Apfel</Data></Cell><Cell><Data ss:Type="String">Xavier Xi-Hu</Data></Cell></Row><Row><Cell></Cell></Row><Row><Cell ss:StyleID="s21"><Data ss:Type="String">Sa. 28.11.2015 17:00, St. Josef</Data></Cell><Cell><Data ss:Type="String">Yvonne Yorkshire</Data></Cell><Cell><Data ss:Type="String">Deborah Duck</Data></Cell></Row><Row><Cell><Data ss:Type="String"></Data></Cell><Cell><Data ss:Type="String">Tobias Töpfer</Data></Cell><Cell><Data ss:Type="String">Tanja Töpfer</Data></Cell></Row><Row><Cell></Cell></Row><Row><Cell ss:StyleID="s21"><Data ss:Type="String">So. 29.11.2015 09:00, St. Josef</Data></Cell><Cell><Data ss:Type="String">Raúl Rolle</Data></Cell><Cell><Data ss:Type="String">Nils Nichtig</Data></Cell></Row><Row><Cell><Data ss:Type="String"></Data></Cell><Cell><Data ss:Type="String">Ingrid Iltis</Data></Cell><Cell><Data ss:Type="String">Sarah Salzsäule</Data></Cell></Row><Row><Cell></Cell></Row><Row><Cell ss:StyleID="s21"><Data ss:Type="String">So. 06.12.2015 09:00, St. Josef</Data></Cell><Cell><Data ss:Type="String">Laura Lämpel</Data></Cell><Cell><Data ss:Type="String">Bo Bauer</Data></Cell></Row><Row><Cell><Data ss:Type="String"></Data></Cell><Cell><Data ss:Type="String">Leon Lämpel</Data></Cell><Cell><Data ss:Type="String">Karl Kuckuck</Data></Cell></Row><Row><Cell></Cell></Row><Row><Cell ss:StyleID="s21"><Data ss:Type="String">Sa. 12.12.2015 17:00, St. Josef</Data></Cell><Cell><Data ss:Type="String">Georg Gustavsson</Data></Cell><Cell><Data ss:Type="String">Gisela Gustavsson</Data></Cell></Row><Row><Cell><Data ss:Type="String"></Data></Cell><Cell><Data ss:Type="String">Quentin Quecke</Data></Cell><Cell><Data ss:Type="String">Zacchary Zu Zeppelin</Data></Cell></Row><Row><Cell></Cell></Row><Row><Cell ss:StyleID="s21"><Data ss:Type="String">So. 13.12.2015 09:00, St. Josef</Data></Cell><Cell><Data ss:Type="String">Christina Chlodewig</Data></Cell><Cell><Data ss:Type="String">Xavier Xi-Hu</Data></Cell></Row><Row><Cell><Data ss:Type="String"></Data></Cell><Cell><Data ss:Type="String">Wendy Wagner</Data></Cell><Cell><Data ss:Type="String">Paul Paulsson</Data></Cell></Row><Row><Cell></Cell></Row><Row><Cell ss:StyleID="s21"><Data ss:Type="String">So. 20.12.2015 09:00, St. Josef</Data></Cell><Cell><Data ss:Type="String">Emma Erpel</Data></Cell><Cell><Data ss:Type="String">Yvonne Yorkshire</Data></Cell></Row><Row><Cell><Data ss:Type="String"></Data></Cell><Cell><Data ss:Type="String">Vinn Vogelfänger</Data></Cell><Cell><Data ss:Type="String">Hans Hamster</Data></Cell></Row><Row><Cell></Cell></Row><Row><Cell ss:StyleID="s21"><Data ss:Type="String">Do. 24.12.2015 18:30 (Heiligabend), St. Josef</Data></Cell><Cell><Data ss:Type="String">Nils Nichtig</Data></Cell><Cell><Data ss:Type="String">Ingrid Iltis</Data></Cell></Row><Row><Cell><Data ss:Type="String">Probe: Mittwoch 15:00 in der Kirche</Data></Cell><Cell><Data ss:Type="String">Sarah Salzsäule</Data></Cell><Cell><Data ss:Type="String">Tobias Töpfer</Data></Cell></Row><Row><Cell><Data ss:Type="String"></Data></Cell><Cell><Data ss:Type="String">Raúl Rolle</Data></Cell><Cell><Data ss:Type="String">Ulla Ulsson</Data></Cell></Row><Row><Cell><Data ss:Type="String"></Data></Cell><Cell><Data ss:Type="String">Johanna Jäger</Data></Cell><Cell><Data ss:Type="String">Otto Otter</Data></Cell></Row><Row><Cell><Data ss:Type="String"></Data></Cell><Cell><Data ss:Type="String">Deborah Duck</Data></Cell><Cell><Data ss:Type="String">Marie Maler</Data></Cell></Row><Row><Cell><Data ss:Type="String"></Data></Cell><Cell><Data ss:Type="String">Tanja Töpfer</Data></Cell><Cell><Data ss:Type="String">Adam Apfel</Data></Cell></Row><Row><Cell><Data ss:Type="String"></Data></Cell><Cell><Data ss:Type="String">Laura Lämpel</Data></Cell></Row><Row><Cell></Cell></Row><Row><Cell ss:StyleID="s21"><Data ss:Type="String">Fr. 25.12.2015 09:00 (1. Weihnachtsfeiertag), St. Josef</Data></Cell><Cell><Data ss:Type="String">Zacchary Zu Zeppelin</Data></Cell><Cell><Data ss:Type="String">Bo Bauer</Data></Cell></Row><Row><Cell><Data ss:Type="String"></Data></Cell><Cell><Data ss:Type="String">Leon Lämpel</Data></Cell><Cell><Data ss:Type="String">Quentin Quecke</Data></Cell></Row><Row><Cell><Data ss:Type="String"></Data></Cell><Cell><Data ss:Type="String">Frieda Fuchs</Data></Cell><Cell><Data ss:Type="String">Karl Kuckuck</Data></Cell></Row><Row><Cell><Data ss:Type="String"></Data></Cell><Cell><Data ss:Type="String">Yvonne Yorkshire</Data></Cell></Row><Row><Cell></Cell></Row><Row><Cell ss:StyleID="s21"><Data ss:Type="String">Sa. 26.12.2015 09:00 (2. Weihnachtsfeiertag), St. Josef</Data></Cell><Cell><Data ss:Type="String">Tobias Töpfer</Data></Cell><Cell><Data ss:Type="String">Raúl Rolle</Data></Cell></Row><Row><Cell><Data ss:Type="String"></Data></Cell><Cell><Data ss:Type="String">Georg Gustavsson</Data></Cell><Cell><Data ss:Type="String">Gisela Gustavsson</Data></Cell></Row><Row><Cell><Data ss:Type="String"></Data></Cell><Cell><Data ss:Type="String">Tanja Töpfer</Data></Cell><Cell><Data ss:Type="String">Xavier Xi-Hu</Data></Cell></Row><Row><Cell><Data ss:Type="String"></Data></Cell><Cell><Data ss:Type="String">Christina Chlodewig</Data></Cell></Row><Row><Cell></Cell></Row><Row><Cell ss:StyleID="s21"><Data ss:Type="String">So. 27.12.2015 09:00, St. Josef</Data></Cell><Cell><Data ss:Type="String">Nils Nichtig</Data></Cell><Cell><Data ss:Type="String">Ulla Ulsson</Data></Cell></Row><Row><Cell><Data ss:Type="String"></Data></Cell><Cell><Data ss:Type="String">Wendy Wagner</Data></Cell><Cell><Data ss:Type="String">Paul Paulsson</Data></Cell></Row><Row><Cell></Cell></Row><Row><Cell ss:StyleID="s21"><Data ss:Type="String">Do. 31.12.2015 19:00 (Silvester), St. Josef</Data></Cell><Cell><Data ss:Type="String">Johanna Jäger</Data></Cell><Cell><Data ss:Type="String">Adam Apfel</Data></Cell></Row><Row><Cell><Data ss:Type="String"></Data></Cell><Cell><Data ss:Type="String">Frieda Fuchs</Data></Cell><Cell><Data ss:Type="String">Deborah Duck</Data></Cell></Row><Row><Cell><Data ss:Type="String"></Data></Cell><Cell><Data ss:Type="String">Ingrid Iltis</Data></Cell><Cell><Data ss:Type="String">Vinn Vogelfänger</Data></Cell></Row><Row><Cell><Data ss:Type="String"></Data></Cell><Cell><Data ss:Type="String">Emma Erpel</Data></Cell><Cell><Data ss:Type="String">Hans Hamster</Data></Cell></Row><Row><Cell><Data ss:Type="String"></Data></Cell><Cell><Data ss:Type="String">Yvonne Yorkshire</Data></Cell></Row><Row><Cell></Cell></Row><Row><Cell ss:StyleID="s21"><Data ss:Type="String">Fr. 01.01.2016 17:00 (Neujahr), Maria Königin</Data></Cell><Cell><Data ss:Type="String">Sarah Salzsäule</Data></Cell><Cell><Data ss:Type="String">Marie Maler</Data></Cell></Row><Row><Cell><Data ss:Type="String"></Data></Cell><Cell><Data ss:Type="String">Otto Otter</Data></Cell><Cell><Data ss:Type="String">Karl Kuckuck</Data></Cell></Row><Row><Cell></Cell></Row></Table></Worksheet></Workbook>